lat,lng,pred,cluster
1.455238538601311,103.7626485082271,0.152203096,0
1.455262715339773,103.7614477789313,0.52610889,3
1.455309238599606,103.7616244132992,0.414164995,2
1.455403563873493,103.7632712438025,0.3336547143333333,2
1.455428046144688,103.7633592969363,0.22834251883333334,1
1.455434122768502,103.7629818888808,0.2799920161666667,1
1.455452458338997,103.7634470849073,0.19171396166666665,1
1.455488908047932,103.7596848074,0.3654251783333333,2
1.4554979353401398,103.75973301088844,0.3378482096666667,2
1.455518539007835,103.7636848111309,0.3751470366666667,2
1.455523722829702,103.7598644452009,0.4225728516666667,2
1.455540596702479,103.7599535569551,0.3574484,2
1.455553605441521,103.7624055678742,0.5446586533333333,3
1.455557607958597,103.7600436412192,0.42129528266666666,2
1.455625450916947,103.7604018571637,0.43095421500000003,2
1.455642395351077,103.7604911460845,0.3719190833333333,2
1.455659755251658,103.7605828219986,0.32286832933333337,1
1.455768965738992,103.762188707734,0.5559097883333334,3
1.455859530752245,103.7649120827686,0.18225417383333334,1
1.455945793852792,103.7594269320991,0.325860255,1
1.455949296284913,103.7621844642452,0.17781223253333334,1
1.4559755472817408,103.76538082597438,0.10037544716666667,0
1.4562312612766104,103.76216483379746,0.23473979166666667,1
1.456240475205327,103.7629984339062,0.3469440783333333,2
1.45625823073316,103.7605305746763,0.11653216116666666,0
1.45630422103869,103.7593404728188,0.394909511,2
1.456307315806357,103.7604800070673,0.1389536095,0
1.456375179445982,103.7634640169533,0.18323313833333332,1
1.4565118386111,103.7662458980479,0.11885715733333334,0
1.456551373358249,103.7602166491461,0.16434543683333333,0
1.4565570441529088,103.761198249229,0.017743103,0
1.456568914954208,103.7649115523218,0.02682044905,0
1.456650195205306,103.7663827547692,0.06600769433333332,0
1.4566968761633283,103.7590344971888,0.45853241166666664,2
1.456724072117487,103.7627184376459,0.471184345,2
1.456817549979704,103.7638528845392,0.10152272988333333,0
1.456831272850788,103.7659246212539,0.1694220816666667,0
1.4568340990509856,103.76721028478678,0.155644905,0
1.456840607198903,103.7592289952399,0.39782880666666665,2
1.45684710672405,103.7645565070199,0.4959231966666667,2
1.456865093162048,103.7625775179694,0.5070653583333333,3
1.456900207074701,103.7601165750396,0.3273570525,2
1.456956730129144,103.7658065959874,0.22933544333333333,1
1.456964444437234,103.766606340759,0.14831437133333333,0
1.456978686208441,103.7652752625508,0.3735514233333333,2
1.456988749183538,103.7654790432626,0.2666501495,1
1.457032162654137,103.7625151915598,0.526619335,3
1.457041324929351,103.7666760954204,0.23436611733333335,1
1.457173499645941,103.7653068242286,0.42279945833333327,2
1.457282544354932,103.7664653285948,0.18420605883333332,1
1.457312869398369,103.767423064907,0.2233178166666667,1
1.457330061099348,103.7635344309011,0.32152061791666664,1
1.457396728772885,103.7673511880319,0.19883559783333335,1
1.457398088747772,103.7659930494335,0.06892822550000001,0
1.457446737157164,103.7599896260153,0.47624110833333333,2
1.4574946,103.7690224,0.4911181,2
1.457514855021697,103.7636896735162,0.17870539649999997,1
1.457519940506689,103.7621706729073,0.2609420316666667,1
1.457533430886227,103.7674315522159,0.20696336733333334,1
1.4576324,103.7689637,0.5559921983333332,3
1.457641529418213,103.7590581102809,0.4547282716666667,2
1.457644270844134,103.7670813627624,0.23141393233333332,1
1.457681502878893,103.7644667733584,0.2518359635,1
1.457685217530695,103.7636747327328,0.08177021899999999,0
1.457704453262009,103.7655268236995,0.3709681283333333,2
1.457704746893976,103.76405134707,0.023191114999999998,0
1.457710573677372,103.7670186806264,0.32564978666666666,1
1.457715300588252,103.7599272124026,0.5245150216666666,3
1.457736536595397,103.7660057802615,0.0505477225,0
1.45775142130169,103.7644109882256,0.17700040549999999,1
1.4578067,103.7675917,0.041021022,0
1.45781705261094,103.7628444167793,0.229599953,1
1.4578326700069997,103.76148113939516,0.017743103,0
1.4578438745714837,103.76746804634982,0.041021021166666664,0
1.457881327507575,103.7642241833459,0.059669739666666666,0
1.457912085426481,103.7590101069405,0.45257491833333335,2
1.45792,103.769025,0.270853354,1
1.458030104836384,103.7661540414508,0.05014158216666667,0
1.458085708396189,103.7589791655699,0.48458227,2
1.458097054864654,103.7635015435364,0.14116182966666665,0
1.458173176037738,103.7644417540329,0.15403633549999998,0
1.458186759420661,103.7690478935838,0.4023885608333333,2
1.4581955,103.7692668,0.15816586483333334,0
1.4582001867134995,103.76563960198604,0.2351033585,1
1.458236825737646,103.76571333843884,0.11880973255,0
1.458269509867119,103.7634274585885,0.08318547406666667,0
1.45828585783447,103.7667310858127,0.035465051,0
1.458325724523993,103.7660194835846,0.058419969999999995,0
1.458395092885657,103.7640728300323,0.013973407716666665,0
1.4583986,103.7694707,0.61342222,3
1.458407330353987,103.7659758981811,0.043078263166666665,0
1.458426455546119,103.7684534811625,0.12175375,0
1.45843562993517,103.7592365095861,0.38076400666666665,2
1.458454784767549,103.7593164268938,0.36662763833333334,2
1.458474962311701,103.75975022665,0.4601228933333334,2
1.458501673517212,103.7680884361817,0.3306608466666667,2
1.458543857921582,103.7596518325739,0.36604683499999996,2
1.45854936079432,103.7697116517832,0.2625854195,1
1.458552896924553,103.7633230501573,0.19674365133333335,1
1.458598310494921,103.7636663340683,0.031017283583333333,0
1.458612504139427,103.75896348692464,0.26765004666666664,1
1.458623752681134,103.7697551499873,0.23656711,1
1.458645582398681,103.7589813756676,0.26765005000000003,1
1.4586617,103.7687351,0.11018005001666668,0
1.458670369258046,103.7666270284495,0.10128147633333333,0
1.458689684874779,103.7653235333552,0.022633755916666665,0
1.458692862254084,103.7588527480443,0.24382445833333333,1
1.458729760364469,103.7654069906112,0.0192426836,0
1.458757107955154,103.7596387487309,0.44252731833333336,2
1.458900436903439,103.7668261255308,0.025355256833333336,0
1.458926128797086,103.7678128627999,0.3969928366666667,2
1.458932526508666,103.7649235757847,0.09900029933333333,0
1.458939992120436,103.7645659666311,0.05189127306666667,0
1.458943902792728,103.7639718130231,0.09763328333333333,0
1.4589555719682337,103.76100916026334,0.017743103,0
1.458957161280691,103.7638023924978,0.185539906,1
1.458987057531248,103.7668526482549,0.017638721916666666,0
1.458987735638343,103.7658927942056,0.07832013991666667,0
1.45901107820221,103.7624136128352,0.15870318116666668,0
1.459019967925018,103.7595837612426,0.5662610316666666,3
1.459025934633922,103.7645173424686,0.04967632808333333,0
1.45906910621281,103.7668877466677,0.019632749833333334,0
1.459081381569076,103.7678060552516,0.31532513,1
1.459108305942918,103.7595653731486,0.47616833833333333,2
1.459149531330384,103.7669301830482,0.018355023833333334,0
1.4592569875671175,103.76612880881731,0.07016862466666667,0
1.4592583,103.7640533,0.045123221783333334,0
1.45926425346916,103.7655216560146,0.15036670471666666,0
1.459300067763957,103.7587540894147,0.328524025,2
1.459315532500737,103.7623710010694,0.08814211633333334,0
1.459328788584467,103.7673872590788,0.08188639466666667,0
1.459340070670713,103.7685976177454,0.034334894,0
1.459371017666686,103.7658031480598,0.023020203183333334,0
1.459371599208245,103.7595102972862,0.487051835,2
1.45939725615419,103.7647497453169,0.1030257095,0
1.4594960946492497,103.76996368559432,0.033713918833333335,0
1.4595154,103.7689949,0.03000125623333333,0
1.4595246461086,103.7657122642571,0.029971848500000006,0
1.459548706309599,103.7594736979294,0.4912082166666667,2
1.459554669186273,103.7672116780444,0.09219072966666668,0
1.459575138177941,103.7634589314254,0.04873679716666666,0
1.459578126183797,103.7586780622049,0.3943266733333333,2
1.4596106,103.7695436,0.04175854783333333,0
1.459680935870307,103.7698009237647,0.033713925666666665,0
1.459716468216334,103.7671677386171,0.06177832616666667,0
1.459724811137175,103.7594369217741,0.37389996,2
1.459740498877385,103.7659142774624,0.08308445783333333,0
1.45974863966978,103.7697556614876,0.01337316025,0
1.4597861,103.7625194,0.08638328033333333,0
1.459805282945977,103.7693322077394,0.030629818166666666,0
1.45980863461908,103.7697798013687,0.018640063833333335,0
1.459815494845883,103.768240854939,0.07630344666666666,0
1.459817127792589,103.7658641498684,0.06793249616666668,0
1.459831628455504,103.7676783916821,0.05621541211666667,0
1.459836256794573,103.7644306146881,0.10477605133333334,0
1.459867653897459,103.7652269033556,0.22892746216666668,1
1.459868302724124,103.7677552196744,0.080694226,0
1.459893757982953,103.7658138454764,0.082140956,0
1.459952785327624,103.7673890272676,0.07414864,0
1.459953995223626,103.7669652814813,0.0657106315,0
1.460000820471663,103.7706099986478,0.40264024833333334,2
1.4600399844695977,103.75890387245776,0.07654803711666666,0
1.460061582823443,103.7646423708213,0.024522940233333332,0
1.460071847651503,103.7706021629539,0.3032450583333333,1
1.460094017729958,103.7625146611224,0.14779059076666665,0
1.460155276771829,103.76950247621116,0.07343305533333333,0
1.460173227355199,103.7582107610212,0.33296285333333336,2
1.460173798944165,103.7619480667654,0.4645668950000001,2
1.460181251858394,103.7650528280789,0.1714923795,1
1.4602018209522687,103.75902816510342,0.13909570933333334,0
1.460209161364532,103.7692459920125,0.10385196356666666,0
1.4602158753072845,103.76332305225851,0.04621470816666667,0
1.460226952649097,103.7683262590283,0.03786185833333333,0
1.460228413348313,103.7704705736892,0.3633296543333333,2
1.460241733979564,103.7687734378475,0.134898774,0
1.460262414907419,103.7591720630307,0.07654803613333333,0
1.460286354505298,103.7645980620134,0.026173890833333335,0
1.4603018387144395,103.7613188295778,0.234234775,1
1.460306380443517,103.7704243344989,0.40412898999999997,2
1.460336782907005,103.7689323113449,0.131845771,0
1.460337079990285,103.7649663651761,0.08501507833333333,0
1.460386915476691,103.7703803940212,0.33867501,2
1.460394117218409,103.7590557233741,0.12637037816666666,0
1.4604366133673892,103.7571020917539,0.43623945999999997,2
1.460441731550325,103.7579541261977,0.43973372833333335,2
1.460449406031745,103.7702282380716,0.38557439,2
1.4604849,103.7627733,0.37431757916666664,2
1.460505392193215,103.7617189189698,0.37786226000000006,2
1.460537204872716,103.768274362334,0.057150058999999996,0
1.460572121747136,103.76484126813,0.12167427166666667,0
1.46057401331747,103.7578255879621,0.43576428500000003,2
1.460616929640656,103.7615810061332,0.234234775,1
1.460633701407424,103.7702460971573,0.28806036333333335,1
1.460640335387069,103.7577610536811,0.42314565833333334,2
1.460654079784304,103.7648225256851,0.12813038583333333,0
1.460670813198429,103.7616704726495,0.16600677933333333,0
1.46070052469988,103.769985991302,0.30785457,1
1.46071432408138,103.7699011166247,0.23356928116666667,1
1.4607166,103.7626978,0.18866042949999998,1
1.460769366973404,103.7576362285573,0.45931907,2
1.460864230034992,103.7586419934971,0.21474019649999998,1
1.460869771694035,103.7693012486885,0.20043883166666665,1
1.460878239518425,103.7674629375813,0.03250500938333333,0
1.460879917577762,103.7699851071905,0.14516869333333335,0
1.460887302603852,103.7697788441369,0.151650839,0
1.460899000667177,103.7648846763498,0.3312122301666667,2
1.460926417320397,103.7652757018805,0.03796686933333333,0
1.460928370763929,103.7585822326203,0.33621974033333335,2
1.460932508719569,103.7698447987694,0.16759940983333332,0
1.460937631276095,103.7681173462227,0.29052971083333334,1
1.460944157514067,103.7671527090375,0.12051107966666667,0
1.460948418750173,103.7702488379083,0.15933243366666666,0
1.460953531246326,103.767409007803,0.0348370575,0
1.460962950538725,103.7591740116477,0.0175107516,0
1.460975199699016,103.7677524789743,0.04788312928333333,0
1.4609805285839503,103.7697691508651,0.1613613,0
1.460992392209581,103.7683417307894,0.21883762333333334,1
1.461031208620067,103.7702804891656,0.23014312283333335,1
1.461043185659943,103.7684204157734,0.19937611433333335,1
1.4610558804164016,103.76665484662522,0.03659790316666667,0
1.461056889868227,103.7584591748039,0.20146142483333332,1
1.461063858289047,103.7651218106837,0.044217193999999994,0
1.461077766593327,103.7573552840503,0.4362394566666667,2
1.461084616206513,103.7666332349181,0.03659790426666667,0
1.46114358291587,103.7649668072154,0.076146246,0
1.461155842710571,103.7577751981784,0.46843204499999996,2
1.461158003510857,103.7694690828931,0.08425318116666665,0
1.461191873898201,103.7686504591034,0.28970553433333335,1
1.461195647085232,103.767150675624,0.4695319841666667,2
1.461217772658317,103.7578399092725,0.4275719883333333,2
1.461240820210827,103.7687263151378,0.3615096758333333,2
1.461245696220444,103.7619501885061,0.1741754143333333,1
1.461262793652783,103.7609695058585,0.19788828049999999,1
1.461276991727752,103.7662196406697,0.21229670050000002,1
1.46128784590865,103.7648492248291,0.0795389395,0
1.46128792887323,103.7705773747859,0.4738492433333333,2
1.461291635880059,103.7688014639321,0.31906417816666666,1
1.461342418415102,103.760290909132,0.276300285,1
1.461343065972169,103.7706496070327,0.385312165,2
1.461344135136655,103.7601997638455,0.29330234,1
1.461346331248488,103.7598365093854,0.56609056,3
1.46135273634001,103.7597527019736,0.5454805016666667,3
1.461373410276161,103.7648998386763,0.09345824133333334,0
1.461409026123298,103.759606304342,0.31851082833333333,1
1.461426402606658,103.7677926169754,0.18867507149999999,1
1.4614295,103.7624272,0.10251517300000001,0
1.461448990075522,103.7661517428265,0.07288151633333334,0
1.461455555522802,103.7612069624798,0.05208079166666666,0
1.46148353486168,103.7695662158168,0.18099539333333334,1
1.461505536551822,103.769110016481,0.26928932,1
1.461508418092167,103.7673744397105,0.3630303506666666,2
1.46153278363558,103.7661149648424,0.11400143966666666,0
1.4615539,103.7622984,0.11316969366666667,0
1.461557759527655,103.7709457861739,0.426559655,2
1.461563774027813,103.7707638348511,0.48391994,2
1.46161462238633,103.7692611986475,0.3602407083333334,2
1.461623873936034,103.7626822794463,0.10755485333333333,0
1.4616281960693869,103.7622819812357,0.11316969,0
1.4616369649817909,103.77087255457585,0.5043075133333333,3
1.461637133020288,103.7568713677985,0.5314755166666667,3
1.461642655740598,103.7704109843724,0.49190995,2
1.461649301826119,103.761103086207,0.26343677851666664,1
1.461660591495381,103.7710990038783,0.2681823831666667,1
1.461680530703952,103.7610414677239,0.35172417166666664,2
1.461695043286912,103.7704871066348,0.4226220733333333,2
1.461708443472603,103.7711777788883,0.2319122273333333,1
1.461727569679517,103.7645466937791,0.08131296133333334,0
1.461756927203739,103.7712587642441,0.28688952333333334,1
1.461788779742225,103.7646211897565,0.08982580416666668,0
1.461831101868005,103.7676995215859,0.08407667166666666,0
1.461834704688561,103.7607388568469,0.3733241958333333,2
1.461843696690214,103.7714227685803,0.310872231,1
1.461854305989697,103.7695991046659,0.13376137283333334,0
1.4618615,103.7661095,0.015635510416666668,0
1.461889090341654,103.7657889143084,0.1311752201666667,0
1.461921660858821,103.7590475902103,0.399411865,2
1.461924100955772,103.7657074902069,0.189534363,1
1.461972841820595,103.76246400436,0.060664174999999994,0
1.461978628609156,103.7656364983324,0.11414420566666666,0
1.46198959076062,103.7646038352501,0.10277739993333335,0
1.4620154,103.7620973,0.128464233,0
1.462035608327904,103.7645803389165,0.07664777883333333,0
1.462054512413265,103.7710199636789,0.4844020866666667,2
1.4620550535617092,103.75639760636244,0.44013571833333337,2
1.462104816759829,103.7710966167575,0.4646206716666666,2
1.462126463923304,103.7655216560146,0.04476797083333334,0
1.462148600337676,103.7659278923677,0.10694309566666667,0
1.462149527351926,103.7566166803881,0.24937575,1
1.462154481105448,103.7711723857604,0.42827168666666665,2
1.462207213581165,103.7623103544715,0.11639476733333333,0
1.462209835601212,103.7677676854403,0.22804107433333334,1
1.462253714927448,103.7713276371997,0.3369641716666667,2
1.462283694907868,103.7701922546735,0.14312252383333332,0
1.462310397021677,103.77124675537372,0.3369641716666667,2
1.462332163902407,103.7644472034239,0.025033020666666666,0
1.462347797242362,103.7715611335801,0.3485919083333333,2
1.462354218560376,103.7542560048181,0.7797872066666667,3
1.46236597964198,103.758574895118,0.6333097633333334,3
1.462371243555223,103.7641500095921,0.01968441891,0
1.462375529613719,103.7631198031562,0.11773700833333334,0
1.46238440133303,103.7657862620568,0.060160125833333335,0
1.462395376360585,103.7605404760286,0.423988515,2
1.462413373316482,103.7539154853924,0.4432019486666667,2
1.462416988616934,103.75432442705,0.7570741666666666,3
1.462422740021649,103.7569640136685,0.4804525216666667,2
1.462443235807428,103.7603774574293,0.3966812533333333,2
1.462456738416043,103.7630724172097,0.08726209466666666,0
1.462474902920936,103.7561465575175,0.60906682,3
1.462530964849261,103.765542343538,0.061488066499999994,0
1.462534083684694,103.7541250833063,0.4878159028333333,2
1.462540961246448,103.7544595920009,0.6479692733333333,3
1.4625451490026071,103.77085522825006,0.29271543883333334,1
1.462545662600213,103.756084234094,0.58116723,3
1.462566724721232,103.7617613375187,0.27287925716666667,1
1.462574022061006,103.7681668557876,0.08628451,0
1.46259342447015,103.7607018151299,0.3899594923333333,2
1.462622950622502,103.7629788830585,0.051824165166666665,0
1.462636196475213,103.7541424098461,0.4160792583333333,2
1.4626517667067491,103.76512455069305,0.05492799475000001,0
1.4626641,103.7677407,0.18607919833333333,1
1.462687784951737,103.7559664826836,0.35494091,2
1.462693682258823,103.7572500847167,0.29007848666666664,1
1.462702998480538,103.7629337073244,0.03810552711666667,0
1.462731804879433,103.7546613230703,0.5320057349999999,3
1.462737773273423,103.7541307409517,0.3977628966666667,2
1.462752491683672,103.7674318174443,0.1733158246666667,1
1.4627619356607298,103.75559476083288,0.5236469183333333,3
1.462767782973544,103.7712722912788,0.1521495556,0
1.462781780225513,103.7655581686115,0.03412019933333333,0
1.462814702430741,103.7573639475285,0.20797365,1
1.462815739867141,103.760986037635,0.17435648445,1
1.462820499000882,103.7709175828186,0.21088724216666668,1
1.462823745323468,103.7601527325482,0.45510554833333333,2
1.462850855068868,103.754080264155,0.3378290883333333,2
1.462854056902861,103.7712290578197,0.2273250735,1
1.462862716977899,103.7547995824009,0.326031615,1
1.4628756052218534,103.76799706927306,0.07744525783333334,0
1.462877601869083,103.7574230890427,0.1923756145,1
1.462909638531257,103.7601021650816,0.49342833499999994,2
1.462913841736672,103.7673470327893,0.17136770833333334,1
1.462924262972323,103.76382175365,0.03835328466666666,0
1.46294090764345,103.7711853823148,0.23899875866666667,1
1.4629417090333745,103.75826053344085,0.6484051066666666,3
1.462984585839224,103.7673098124312,0.2788564816666667,1
1.462992796151535,103.7600531889171,0.48708149833333336,2
1.463009818854822,103.7575474719534,0.45941504666666666,2
1.4630499020971854,103.76755032697788,0.2228944105,1
1.463057062392706,103.7672938103326,0.22223540216666668,1
1.463069352646024,103.7578811935523,0.4052790968333333,2
1.463072038513845,103.7682826728766,0.065632662,0
1.463079136968117,103.7576126249527,0.303597595,1
1.463095677330458,103.7708106930399,0.24273794733333331,1
1.463099224560475,103.7616749813392,0.34325903,2
1.463121477781806,103.7550728306403,0.35243034999999995,2
1.463173547004546,103.7707694931975,0.34038942,2
1.46324277344559,103.7599060837216,0.5395481599999999,3
1.463253359652628,103.7707273208397,0.38647870500000003,2
1.463283201172439,103.7685026372105,0.1459925626666667,0
1.46329332741045,103.7535732872246,0.3674541336666666,2
1.463294424737267,103.7608120562603,0.07643031666666666,0
1.4633252,103.7646172,0.016918402281666665,0
1.46332739101669,103.7610923891656,0.12161763133333332,0
1.46337730931389,103.7607609581148,0.07863509933333333,0
1.463380063854322,103.757922124232,0.6611000633333334,3
1.4634067,103.7660294,0.08847708866666666,0
1.463420649677238,103.7551931449074,0.27473664000000003,1
1.463441119649254,103.7579893990913,0.6901974283333333,3
1.463454889110666,103.7685772554184,0.24361628066666666,1
1.463459046046636,103.7651949880646,0.08267561886666668,0
1.463475270303597,103.7715793464917,0.3346012683333333,2
1.463491241702523,103.7597596859226,0.3788220465,2
1.463494164258524,103.7714715720656,0.2892522828333333,1
1.46350858972167,103.7713786509521,0.1851440435,1
1.463518846060362,103.7635359338185,0.05939738333333333,0
1.463542286797723,103.7553924018367,0.3261212983333333,1
1.463543597551643,103.7651524638242,0.1507339189,0
1.463545316920945,103.7689711235411,0.46078139999999995,2
1.463547706953049,103.7690591804107,0.5043059733333334,3
1.463552314010777,103.769148298265,0.43747445,2
1.463564373073316,103.7581249213477,0.7144073683333333,3
1.463570859078713,103.7695090139934,0.3208098228333333,1
1.463574328980074,103.759710709883,0.4535487638333333,2
1.46357545005728,103.769600696062,0.24536660316666667,1
1.463578351199645,103.762440134688,0.10445275933333333,0
1.463579539463375,103.7696922897822,0.3243327975,1
1.463585914821349,103.7699229541668,0.562695895,3
1.4635908540985498,103.76153378862796,0.029507054266666666,0
1.4635916378572,103.7702922478748,0.58950378,3
1.4635932205009,103.7703832231863,0.5324537883333333,3
1.463594733621006,103.7704738449135,0.449150415,2
1.463602764963968,103.7706576524873,0.47205424833333337,2
1.4636412443322302,103.76908440522791,0.5043059733333334,3
1.463649503835461,103.76727249576832,0.4616035316666667,2
1.46365561646645,103.7596627947135,0.557754875,3
1.4636636022711826,103.75379493624624,0.27711189833333333,1
1.463665722210534,103.755613847884,0.6136916033333334,3
1.463686557880556,103.7582592944964,0.7134299166666667,3
1.463702042701476,103.7709553346466,0.27013044999999997,1
1.463740178606478,103.7623488995364,0.06762694200000001,0
1.463752631753814,103.7686484256671,0.313225915,1
1.463758758452257,103.7549834569233,0.3886516416666666,2
1.463797025437648,103.7712172106166,0.2290970515,1
1.463816699070811,103.7542295729833,0.15761183166666667,0
1.463817400165144,103.7595674064474,0.5610633616666667,3
1.463830087653804,103.7549222832561,0.3580208516666667,2
1.463838364341165,103.7633723811418,0.05537719083333333,0
1.46384592145815,103.77127330721912,0.15496864,0
1.463847391957941,103.7674214735367,0.7157150833333333,3
1.463851293998619,103.7713942114766,0.1918449065,1
1.463851484103439,103.7558142546619,0.5060207866666667,3
1.46385196757463,103.7714928793899,0.35178433300000006,2
1.463869182757617,103.7584562574863,0.7433963100000001,3
1.463877417784967,103.7713118114469,0.3721154983333333,2
1.463881339872779,103.7611005224532,0.3842290508333333,2
1.463881937077971,103.7541674272519,0.190886641,1
1.463897680063911,103.7595201101589,0.5704633783333334,3
1.463900983832043,103.7548615516229,0.2828811316666667,1
1.463902157655715,103.7697887461708,0.3502110033333334,2
1.4639033,103.764895,0.08406921726666666,0
1.463920908183493,103.7633299458853,0.06908604108333333,0
1.463931690269369,103.7585208805052,0.793978595,3
1.463945732201499,103.7541066075597,0.28226175,1
1.463948649009414,103.7649269352819,0.23533708833333333,1
1.463961299646011,103.7717313271459,0.19493756833333334,1
1.4639632,103.7627382,0.15496864,0
1.463981337440262,103.7622129309855,0.12037090375,0
1.46399689878663,103.7652636810966,0.0243434528,0
1.463998122203297,103.7536554995697,0.23620095833333332,1
1.464020521614133,103.7676788337303,0.5364445866666666,3
1.464022322834448,103.761337360468,0.38575701500000004,2
1.464027677568407,103.76045834787,0.184020525,1
1.4640398917217,103.7547425636699,0.16372403933333332,0
1.464042688705526,103.7594346232648,0.6138115599999999,3
1.464052714867732,103.7716005654209,0.229299905,1
1.464053195124344,103.7541637144211,0.331096345,2
1.464055702228686,103.7677310838332,0.663233175,3
1.464058454861178,103.7537240098957,0.267342065,1
1.464061315565775,103.7621679323211,0.2378967605,1
1.464098453734837,103.7560808748181,0.5645058893333333,3
1.46410857124048,103.754233285816,0.14450216166666666,0
1.46411798741189,103.7537942882665,0.43107967500000005,2
1.464129720416225,103.7607736884468,0.39245814166666665,2
1.4641382798950424,103.7637127433181,0.06908603991666666,0
1.464160445147032,103.7561478835481,0.44249098666666664,2
1.4641710329829287,103.7703216179107,0.60685245,3
1.464174690502692,103.7679628941796,0.4767853216666667,2
1.464176806511136,103.7538639478703,0.24284367166666668,1
1.464178750290092,103.7690218711677,0.38346109100000003,2
1.464194106169157,103.7593453350467,0.6099833216666667,3
1.464214838923537,103.7680466183046,0.39117239,2
1.464235482736232,103.7539335191098,0.23811379666666665,1
1.46424777408209,103.763162061533,0.15813038966666668,0
1.464266713771107,103.7697750424634,0.09306365700000001,0
1.464268914136795,103.7690224900413,0.38698367,2
1.464273354039865,103.7592911433157,0.5015393433333334,3
1.464293020059677,103.7540016759753,0.219029018,1
1.46430060487353,103.7620330248245,0.22950784066666666,1
1.464302236243823,103.7643517552257,0.1077550221,0
1.4643117468252,103.7545059140951,0.1921952495,1
1.46432189268045,103.7642369140062,0.05102009433333334,0
1.464329497664452,103.7682939893608,0.3506413076666666,2
1.464347798919823,103.7685904285423,0.6212917133333333,3
1.464350708088489,103.7540686836667,0.3763330233333333,2
1.464359972239363,103.7714811205757,0.25242891333333334,1
1.464361602874054,103.7709571912942,0.261310175,1
1.464395302897779,103.7641868754455,0.0624272395,0
1.464408726334594,103.7544155683459,0.18655355250000002,1
1.464415090430297,103.7714079153492,0.218785325,1
1.464449108145702,103.758797760878,0.6046871833333333,3
1.4644529205219234,103.77040321043114,0.17298219166666665,1
1.46446399800021,103.7711924552701,0.161547117,0
1.464470209278424,103.7713346217505,0.21112203333333332,1
1.464473451610202,103.7543552789463,0.19835103500000004,1
1.464488574562301,103.7708188269159,0.2588563033333333,1
1.464525399962495,103.7712613281918,0.171306815,1
1.4645369401094608,103.75707946427376,0.486006575,2
1.464541424548892,103.7542918955452,0.24085537999999998,1
1.464554641036083,103.7707499542209,0.24023998,1
1.464555420509051,103.7645411241023,0.17710761333333336,1
1.4645815322528064,103.75411646004504,0.2543565305,1
1.464585588012912,103.7566014751849,0.37434218999999996,2
1.464625581131275,103.760517137128,0.2651086323333333,1
1.464630111064271,103.7564450031354,0.4001705416666666,2
1.4646319,103.7542038,0.2543565305,1
1.464639412485729,103.7709816813619,0.166899936,0
1.464649823553547,103.7688264840695,0.560153665,3
1.464655041053621,103.7566683957725,0.45054404833333334,2
1.464678578582087,103.7642676797736,0.093640702,0
1.46469591785175,103.7563838288018,0.4735242883333333,2
1.464705180508984,103.7604641825922,0.26970675233333335,1
1.464712314733438,103.7589342563933,0.52025415,3
1.46471901881229,103.7541357797923,0.24315110266666665,1
1.464721459563787,103.7690253191779,0.36952769216666664,2
1.464722211306922,103.7567332831377,0.4871062583333334,2
1.464735272329587,103.7629116056988,0.10328827966666666,0
1.46473789359724,103.7688408949634,0.4757406616666666,2
1.464743333776822,103.7652795061373,0.03740129116666667,0
1.464749847617581,103.7712160612611,0.21269521666666666,1
1.464756298923444,103.7616495205055,0.138205957,0
1.464761468455633,103.7575561354441,0.47361743166666664,2
1.464778330205131,103.7588740533672,0.48988633333333337,2
1.464779258302163,103.7574645500001,0.6233887183333333,3
1.464789911405869,103.7540759325219,0.24253764,1
1.46479635372571,103.7604188308946,0.27423759649999996,1
1.464801086120427,103.7572779315911,0.5253997333333333,3
1.464844850734502,103.7588134083491,0.42831458916666665,2
1.464848068676753,103.7712130552545,0.24393825833333335,1
1.464859794291732,103.7540169692845,0.2795218805,1
1.464867965439799,103.7639228029968,0.3477264503333333,2
1.464900004043618,103.7628270007096,0.13081853033333332,0
1.4649064453410916,103.75600804264042,0.661415965,3
1.464925893172208,103.7689347868377,0.4273554316666666,2
1.464973053649552,103.7620784654734,0.40390222766666667,2
1.465005390817504,103.7570146683554,0.46562960333333336,2
1.465007129644837,103.7621813700346,0.37565649933333334,2
1.465009611120293,103.7638017736482,0.3381192181666666,2
1.465033952272018,103.7705336994927,0.2983120266666667,1
1.4650390168420573,103.75421835763562,0.2795218805,1
1.465055817728075,103.7639951200737,0.239084235,1
1.4650908051969689,103.76192050563148,0.3735518091666667,2
1.465123554051685,103.7639464077108,0.24883598666666665,1
1.46512690649842,103.7712112870154,0.3498379143333334,2
1.46517,103.7589044,0.24542680433333333,1
1.465184572370727,103.7692543910258,0.335844885,2
1.465188072214739,103.7572149888229,0.36605580666666665,2
1.465191079678066,103.7623502256282,0.38151872066666664,2
1.465240377981346,103.7642381517093,0.3181697133333334,1
1.46524941677117,103.7572823517304,0.46738145,2
1.465263091268724,103.7703813665467,0.29438229833333335,1
1.46526614898588,103.7697100603857,0.38416098000000004,2
1.465266832527085,103.7711238476194,0.33529297166666666,2
1.465299587721002,103.7558223876297,0.359632285,2
1.465303799396325,103.7679710278832,0.0126753135,0
1.465304705379247,103.7640579776136,0.24653474333333333,1
1.465311545517991,103.7573505102973,0.46471637000000005,2
1.465314682315926,103.7583851810419,0.35560720916666666,2
1.465325030725634,103.7539690561482,0.26848417666666663,1
1.465326774041813,103.7702352225652,0.28086870066666664,1
1.465331430416937,103.7614624542503,0.25351382100000003,1
1.465384149160223,103.7540369478298,0.320345435,1
1.465387163473954,103.75603916134948,0.34798851333333336,2
1.465391520081162,103.769633142865,0.5437320066666667,3
1.465416045432863,103.7641715809775,0.34587674333333335,2
1.465429783647826,103.7705558907836,0.45563329999999996,2
1.4654423912779535,103.75835326055642,0.20440566566666665,1
1.465442626418157,103.7541041323402,0.43543709833333333,2
1.46545090216775,103.7708947725858,0.5994962733333333,3
1.4654604661967825,103.76918310827948,0.36311007833333336,2
1.465486961926402,103.7682878890684,0.04381905383333334,0
1.465498930338087,103.7575559586381,0.41523761833333334,2
1.465502135945669,103.7556340918723,0.25926431833333335,1
1.46551162682692,103.7705109777365,0.46002585949999997,2
1.465517638703505,103.7582001526137,0.25507391333333335,1
1.4655179464329189,103.75767783696726,0.377976195,2
1.465523174650927,103.7635028696397,0.40864495566666664,2
1.465534754666274,103.7708611761258,0.6728775866666666,3
1.465542948619651,103.761433457236,0.2771430685,1
1.465561628786413,103.757624824568,0.377976195,2
1.465567362514454,103.7624951233462,0.17965398766666665,1
1.465583170482703,103.7684577248494,0.05979847866666666,0
1.465586613694526,103.7581372978163,0.2896670293333333,1
1.465615805963525,103.7635684675639,0.538587855,3
1.465620927497969,103.7708350946693,0.680737245,3
1.465624755507101,103.7576940441455,0.35579265833333334,2
1.465627979880655,103.7702934856338,0.30523290883333337,1
1.465655012160993,103.7580748850649,0.3095268635833333,1
1.465669377091968,103.75952230451789,0.021266538166666668,0
1.465673643008682,103.77039206822936,0.48358673833333327,2
1.465674327499653,103.7543703954941,0.665619165,3
1.465674953592571,103.7599427716008,0.13311914116666668,0
1.465707813993483,103.7708096320996,0.65031054,3
1.465723154443072,103.7686363134606,0.0690358525,0
1.4657792944386137,103.76813809427644,0.043819052283333326,0
1.465779510196282,103.7619418783553,0.462237085,2
1.465793679991642,103.7641806869322,0.261743435,1
1.465794202827061,103.7545081241191,0.5286226766666666,3
1.465797656770996,103.7707817824196,0.6225107066666667,3
1.465798951491591,103.7579436946169,0.22927209466666665,1
1.465811926511381,103.7578994046091,0.16944671466666664,0
1.465826243397303,103.7615129338238,0.38132744333333335,2
1.465833702879119,103.7643076399188,0.417398285,2
1.46585438999415,103.7545772536877,0.5859073666666667,3
1.465867897893429,103.7558001103714,0.38850607,2
1.46587297646661,103.7578764197806,0.12523124933333332,0
1.465887256175266,103.7610146809317,0.512077525,3
1.465915360813809,103.7546472673023,0.6425552683333333,3
1.465917167212065,103.760923623559,0.58486539,3
1.465928302742084,103.7644483845957,0.46993368,2
1.465931646689613,103.7552430033127,0.34126140899999996,2
1.465938868367157,103.7558656161296,0.32656809000000003,1
1.4659761412181325,103.75520172938114,0.3014606516666667,1
1.465977185920929,103.7547183417668,0.5742369583333333,3
1.465993909660903,103.7539033745149,0.3312157473333333,2
1.465997102367889,103.7646080486477,0.4069633783333333,2
1.466000459160541,103.7702540541764,0.53763846,3
1.466005145189904,103.7709141347599,0.46503701666666664,2
1.466025809377431,103.7610217533516,0.3030154366666667,1
1.466034715267698,103.7620622871861,0.34582738,2
1.466058379834108,103.7709930864852,0.371821845,2
1.466065834882156,103.7615721655716,0.208825774,1
1.46608342704706,103.7702130313272,0.58336183,3
1.466108495210899,103.764850816169,0.11146960966666668,0
1.466114401832207,103.7560280988367,0.3150770666666667,1
1.466114967530744,103.7710635507182,0.47428506833333334,2
1.466128454209292,103.75593506404374,0.29954533333333333,1
1.466139855955781,103.7576341068848,0.1186463275,0
1.466162183964739,103.7619378116859,0.4255388233333333,2
1.466171269990876,103.7711337497524,0.4839867683333334,2
1.466182852341702,103.7681186723715,0.09379794749999999,0
1.466207197060131,103.7561140255709,0.310216565,1
1.4662088192078948,103.76903999872454,0.20550136500000002,1
1.466228426664364,103.7712050097667,0.4110974553333333,2
1.466291245349918,103.7597956665263,0.3175649076666667,1
1.466340630049301,103.7674158153312,0.15856648366666667,0
1.466340675885969,103.7713449659592,0.54281,3
1.466349024356451,103.7551521266587,0.4981172016666667,2
1.466350751513886,103.7673117574377,0.17330094183333333,1
1.466354125296866,103.7617479160458,0.6666171983333333,3
1.466380188557504,103.7675137730479,0.2349129235,1
1.466386130278208,103.7652037404566,0.09031807083333333,0
1.466386953776502,103.7593560665846,0.0284021495,0
1.466394783996236,103.7696942348233,0.37296980416666664,2
1.466411788233286,103.7573871974779,0.17899987833333333,1
1.466414149976794,103.7700493821116,0.58297464,3
1.466423192937057,103.7612467449035,0.16768440133333332,0
1.466428592064518,103.76083673297046,0.11884093533333334,0
1.466441506915678,103.7564564954266,0.40324273633333335,2
1.466481413572297,103.7573239010472,0.11919075,0
1.466495391615985,103.7700092434365,0.5398339066666666,3
1.466524794154168,103.765318936135,0.18129792033333333,1
1.466534649661452,103.7573688980877,0.11448694516666667,0
1.466550113416324,103.7615535119885,0.6047543416666666,3
1.4665842837131986,103.76738490040854,0.7202870816666667,3
1.46659069985472,103.7572280724296,0.1573146628333333,0
1.466600496723628,103.7612064320476,0.1898481761666667,1
1.466606038485139,103.768459935103,0.23780527166666668,1
1.466609684662394,103.7605186400116,0.300425115,1
1.466616665944445,103.7614881802652,0.5743422316666668,3
1.466625125486613,103.7554887595529,0.48469609166666666,2
1.466628467635921,103.7596962999686,0.12425498633333333,0
1.466630075557886,103.7670745552512,0.335120501,2
1.466643024199598,103.7714393016431,0.46201994,2
1.46665889029266,103.7699272863112,0.55038828,3
1.466672907530505,103.7596223055246,0.12272999916666666,0
1.4666936451084258,103.7662637058203,0.24811202433333332,1
1.466698951143296,103.7576067019515,0.16103800899999998,0
1.466711161809194,103.754523594288,0.4600251466666667,2
1.466757702370146,103.7669934840073,0.3826835078333333,2
1.46677883870257,103.7544623324297,0.5700923933333334,3
1.466791930699885,103.7713277256118,0.26324863833333334,1
1.46680884387826,103.7654384639118,0.03405611505,0
1.4668099153893894,103.7603396093448,0.6494659083333333,3
1.466823834434812,103.7698437378368,0.508934015,3
1.466830674797755,103.7591510228726,0.18773683500000002,1
1.466845504714958,103.7544021314099,0.6242952366666666,3
1.466860856668954,103.7578262067841,0.44829047000000005,2
1.466865655875703,103.7688715733746,0.13897029400000002,0
1.466876429363206,103.7689953480156,0.0501599875,0
1.466886142852802,103.7694711741608,0.15218294166666665,0
1.466905731511718,103.7698021846466,0.48452996299999995,2
1.466949214125006,103.7569145082338,0.4447690766666667,2
1.46696798818701,103.7579713648287,0.30052339666666666,1
1.466987772251445,103.7697606314693,0.4554462055,2
1.466991913306564,103.7666408202449,0.39872961683333336,2
1.4670113561838871,103.75506119571676,0.4361876866666667,2
1.467038260496102,103.7548165554232,0.43618770166666665,2
1.467066150940523,103.7696395968622,0.26062878166666664,1
1.467080226291692,103.7542101248139,0.5926220383333333,3
1.467084127551034,103.7588885515972,0.3132850973333334,1
1.467101142575279,103.7581539176473,0.40722950500000005,2
1.4671076583593632,103.76498731716732,0.0605388475,0
1.467109528947001,103.7599623496311,0.6275630683333333,3
1.46711174596426,103.756232837936,0.39426108833333334,2
1.467138331663553,103.7710441885225,0.2720795141666667,1
1.467155886027367,103.7608200127207,0.23126716833333336,1
1.4671589325394,103.7567396481125,0.3539293766666667,2
1.467173551678666,103.7657031581985,0.2062016405,1
1.467199312996713,103.7696596661431,0.4365491358333333,2
1.4672026740836477,103.76762644292424,0.5391953086666667,3
1.467205923589163,103.7709845105397,0.2950418633333333,1
1.467218071579239,103.7660625385508,0.16756938600000001,0
1.467220568386783,103.7583063251302,0.5325663966666666,3
1.467228248149328,103.7566802416924,0.3170769021666667,1
1.467235087727301,103.75439715772258,0.5926220383333333,3
1.467245196346425,103.7658782952194,0.23900822340000002,1
1.467247534403198,103.76487215141309,0.18129791250000002,1
1.467268049979351,103.7590177096783,0.1722883245,1
1.4672720092562586,103.76979280854788,0.4365491358333333,2
1.467273587393367,103.7709248325834,0.29618094333333334,1
1.4673280876470536,103.75704535078243,0.42967025333333336,2
1.467329559448094,103.757845832284,0.49289418333333335,2
1.467336562898403,103.7708692215931,0.3110950808333333,1
1.467343783321509,103.7560456024262,0.5261381616666666,3
1.46737986820249,103.7603264478541,0.6902336299999999,3
1.467380782514312,103.7708302320254,0.52704052,3
1.467386521786025,103.7551443473371,0.38977805666666665,2
1.467388080645603,103.7654123835077,0.17996082383333334,1
1.467402874331695,103.7577893426772,0.5490179383333333,3
1.467406706241593,103.7552319531326,0.298117625,1
1.467415667810794,103.7689401798758,0.10321228683333333,0
1.467420632227136,103.7550589516319,0.29733335499999997,1
1.467423613661016,103.7559798313743,0.6059032033333334,3
1.467427761340938,103.77069443242,0.21580741783333335,1
1.467442073872857,103.7707801025978,0.21580742116666665,1
1.467447101314266,103.7640276768557,0.3102873783333333,1
1.4674595784928113,103.75988236930876,0.14175389583333334,0
1.467488668397387,103.7553412173532,0.25780121,1
1.467512798620073,103.758553501439,0.3807033633333334,2
1.467514109175036,103.7707212204369,0.25868525833333333,1
1.4675781174444,103.7547481329403,0.3871166833333333,2
1.4675810009579044,103.77035578948424,0.312987625,1
1.467587364178014,103.7706623383018,0.3554191016666666,2
1.467604464847278,103.7565423340329,0.42429359333333333,2
1.4676045618845144,103.7698195321009,0.43816345,2
1.467631031063655,103.7563214168659,0.3254633533333333,1
1.467659238014872,103.7706063737738,0.32503219333333333,1
1.467677527396126,103.7681374152763,0.34567628,2
1.467683493318858,103.7562154227241,0.4896947683333333,2
1.467685791816756,103.7607578639371,0.25551656100000003,1
1.467710799670014,103.7566775896207,0.3405049683333334,2
1.46772664409945,103.7601235590075,0.10736386683333334,0
1.467729814619162,103.7705513817959,0.312987625,1
1.467737385361574,103.7660175385967,0.2741015845,1
1.4677457752812844,103.76574936533576,0.17273072883333332,1
1.467748035927516,103.7581534756305,0.5138430633333333,3
1.467750027548597,103.7630527909457,0.4315869626666667,2
1.467766381286869,103.7556963266849,0.27475345999999995,1
1.467787764076364,103.7680843693262,0.2767567066666667,1
1.467793411411398,103.7639594035663,0.30779717166666665,1
1.467802760777678,103.7561645915348,0.53420657,3
1.467812131973432,103.7659613107774,0.1622479125,0
1.467821992194724,103.7627882786948,0.427440689,2
1.467852398728488,103.7584772975356,0.290202265,1
1.467870754141453,103.7626087253881,0.40299361300000003,2
1.4678779607834551,103.76647723323644,0.2467287983333333,1
1.467887971416647,103.7548859503543,0.6366069433333333,3
1.4678906826195073,103.7549292377744,0.636606955,3
1.467918637440297,103.7584396376179,0.340700755,2
1.46792280791813,103.7580605637294,0.5080536483333333,3
1.467926379211726,103.7582919153666,0.4309257333333334,2
1.467934020857014,103.766155190763,0.21602971,1
1.467943488188601,103.7560437459848,0.29216386499999997,1
1.4679525592015794,103.7701324783027,0.15418799533333336,0
1.467968494702203,103.762249442683,0.32457302683333333,1
1.467972763056282,103.768235550339,0.222739496,1
1.467978963306035,103.7694652506366,0.1933302143333333,1
1.467992876106771,103.7621596221569,0.3103194658333333,1
1.467997557407179,103.7550292487906,0.36134906166666664,2
1.468007458884877,103.7580155664569,0.5345230541666667,3
1.468037377418318,103.7665128925559,0.22582442833333335,1
1.468049974972611,103.770289772357,0.154187991,0
1.468055721341933,103.7634633517682,0.28576447899999996,1
1.46808981421053,103.7618025507974,0.3756068716666667,2
1.468104349552992,103.764037025097,0.2609388283333333,1
1.468114195199639,103.761712818976,0.4548481541666667,2
1.468117884095965,103.7588828053473,0.39918609666666666,2
1.468124712476049,103.7572333765948,0.48288230499999996,2
1.468174495353464,103.7683610925958,0.22405866716666667,1
1.468191317878663,103.7701727157807,0.1844909621666667,1
1.468211637314912,103.7607722739654,0.09443339216666667,0
1.468243409763081,103.7592068058201,0.3025551776666667,1
1.46826578138459,103.7695672767473,0.21556799000000001,1
1.468266469691635,103.76037524627,0.120354119,0
1.468275034117229,103.7671558917719,0.11258708033333333,0
1.468285299290218,103.7640682328549,0.3256026693333333,1
1.468294641785648,103.7572037616749,0.5272330783333333,3
1.46829470586961,103.7610137968792,0.11631428483333332,0
1.468296398399337,103.7557453012595,0.2739618756666667,1
1.468332093343757,103.76193410429084,0.40664497666666666,2
1.468335080186127,103.7634291383184,0.27399384,1
1.468336254429998,103.7597487043666,0.24864536216666666,1
1.468346197775595,103.7565217362984,0.41223564999999995,2
1.468350663160421,103.7673135256256,0.1140596715,0
1.468381578654522,103.7571948329989,0.5945508899999999,3
1.468423050223383,103.7643413231478,0.233640615,1
1.468440114011641,103.7638285609965,0.23524187266666666,1
1.468443204791006,103.7628901229222,0.13669618233333333,0
1.468480704145096,103.76936024182989,0.1653920365,0
1.468482215059858,103.7555850289366,0.40232537,2
1.468499216378724,103.7557683741248,0.27479861066666667,1
1.468512668414503,103.766785280546,0.14073684866666666,0
1.468523406196462,103.7696002540076,0.055944579833333334,0
1.46854275089192,103.7693185771868,0.2200246916666667,1
1.468549243233921,103.7555247390115,0.43374672833333333,2
1.46855414340764,103.7571569966356,0.6009900616666667,3
1.4685600331326938,103.76774363216695,0.060104774666666666,0
1.468564296655566,103.7605132473116,0.16534317466666668,0
1.4685864677129508,103.76000162689188,0.3702836093333333,2
1.468592785206668,103.7669366369156,0.08948317,0
1.468604830431695,103.7641146466726,0.3915131416666667,2
1.468616487888656,103.7554642723102,0.43705541166666667,2
1.4686185015500162,103.76948626498168,0.055944579833333334,0
1.468619289509519,103.7559441169994,0.30543785083333336,1
1.468625703748832,103.7589588326731,0.3484251933333333,2
1.468629417843276,103.7702089644075,0.30238080283333335,1
1.468656778307295,103.7687306472437,0.144046828,0
1.468660404818087,103.769844091481,0.04694082783333333,0
1.468681575335639,103.7611796452224,0.15639943066666667,0
1.468698027899985,103.7641252555475,0.4660253566666667,2
1.468698151044082,103.7667914691793,0.12726880516666667,0
1.46871996967758,103.7693038125988,0.29476515,1
1.468723153759598,103.7560961683644,0.23664549833333334,1
1.468724493869272,103.7614171022154,0.22847544833333333,1
1.468741637808,103.7613260445698,0.15166177,0
1.468793720967562,103.7700917310791,0.051574040999999994,0
1.468795852012269,103.7580711721259,0.39607281299999997,2
1.468820563129537,103.7674164341974,0.10010417795,0
1.468826033601133,103.75914361383587,0.3484251933333333,2
1.468843860455141,103.764528216598,0.22018203333333333,1
1.468851111354723,103.7565590420687,0.1939021135,1
1.468881355291731,103.7683260822082,0.3348602333333333,2
1.468910774801606,103.7575354491511,0.7286921949999999,3
1.468912675287238,103.7570838876182,0.39421574499999995,2
1.46892307444185,103.7617719624062,0.3598657633333333,2
1.468955677032473,103.7632185534006,0.16151567149999999,0
1.46895722811217,103.7554372214264,0.5175395908333333,3
1.468959533750022,103.7685233251929,0.16056024766666666,0
1.468991553061808,103.7608403458994,0.09679195516666667,0
1.46899345355867,103.7630521720996,0.22644218166666666,1
1.468997179101426,103.7564452683421,0.17788430666666666,1
1.469012751719752,103.7668575107549,0.3599814545,2
1.469025707393665,103.762908423065,0.2813883955,1
1.469030192462621,103.7663535798751,0.6891068333333333,3
1.469031386563498,103.7682199017701,0.3094317283333333,1
1.469035439955269,103.7576425051719,0.6483052233333333,3
1.469045415405376,103.7628203702269,0.22902166499999999,1
1.469048593070926,103.75645607973156,0.17788430666666666,1
1.469061059236245,103.7683500413361,0.24111537166666666,1
1.469064754733728,103.7627339087612,0.21628297666666665,1
1.469069194164726,103.7695564022101,0.6642756516666667,3
1.469075746893872,103.7563983267627,0.3822472358333333,2
1.469080304434778,103.7693180467225,0.412158695,2
1.469096243616181,103.7580711721259,0.24728692096666663,1
1.469098297675369,103.7570464048968,0.46134206,2
1.469104171408458,103.7625577149652,0.222594035,1
1.469124396681811,103.7624672753895,0.16440826,0
1.46912499573865,103.7651715599471,0.49125552666666666,2
1.46913486437251,103.7690494552515,0.2918679041666667,1
1.469136362943726,103.768296818482,0.25527560433333335,1
1.4691383189021174,103.76868725168296,0.269348175,1
1.469151920876669,103.7657622149776,0.8066213233333333,3
1.469155092330323,103.7699180031448,0.254614332,1
1.46915647608174,103.756349970765,0.3578460866666667,2
1.469166825548414,103.7557410579743,0.5853719966666667,3
1.469181707133791,103.7681134561862,0.39616150499999997,2
1.469195895367862,103.7641859913722,0.24891596733333332,1
1.469199398228407,103.763616649348,0.23906046166666664,1
1.4692111811043636,103.7598030027382,0.46577735,2
1.46923145957517,103.7580175113289,0.3374141861666667,2
1.46924120757084,103.7684746995983,0.23935866333333333,1
1.469256349409889,103.7667948287232,0.3224970166666667,1
1.46927564352884,103.7575047733293,0.5838045266666666,3
1.469290532426256,103.7656356142495,0.63546165,3
1.469294151137444,103.7630826723758,0.3028014888333333,1
1.469298415131442,103.766790850316,0.3845184783333333,2
1.4693166669684294,103.76956680316984,0.51554565,3
1.469317805235735,103.7577829776525,0.6165223916666667,3
1.469344073941023,103.7609474045562,0.0561018035,0
1.469358420017302,103.7655754082188,0.5920182283333334,3
1.469369132874482,103.7643949864723,0.09886169233333335,0
1.469435045479829,103.7611530352133,0.13517391433333334,0
1.469449882405611,103.7619437348783,0.36202807666666664,2
1.46945244117294,103.7610905326543,0.047553222166666666,0
1.469462757606344,103.7642235644944,0.195504169,1
1.4694794675261986,103.75605418937732,0.5405271066666667,3
1.469521962891596,103.7653517355366,0.379526485,2
1.469561700380059,103.7598003519619,0.34554802500000004,2
1.469582399828638,103.7679739454075,0.2502584683333334,1
1.46964346900653,103.76709226298236,0.49544220499999997,2
1.469646008179004,103.764254860703,0.3042209083333333,1
1.469655135313322,103.7679186008674,0.223956249,1
1.469667391445594,103.7595128610096,0.4871024666666666,2
1.46968036501063,103.7615372453589,0.1814630958333333,1
1.469695846037069,103.7693178699011,0.133851185,0
1.469706761364639,103.7599042272267,0.2714833741666667,1
1.469712418393998,103.7620196755317,0.3048298661666667,1
1.469723955390923,103.7683951304814,0.3418984198333333,2
1.469735506482214,103.759451066448,0.4818139083333333,2
1.4697524369386818,103.75956463993982,0.4871024066666667,2
1.469758591478284,103.7567224980421,0.34905978,2
1.469761407582228,103.7692396264449,0.1632004,0
1.4697784757849,103.7676877631035,0.25782741766666667,1
1.469819879035244,103.7640662878953,0.272793645,1
1.469826409607287,103.763974609603,0.35965767000000004,2
1.469839617019415,103.7637908111706,0.27846703208333334,1
1.469840956202894,103.7582994296603,0.04796909216666667,0
1.469848352230499,103.7678819992192,0.19122435666666668,1
1.469855109112072,103.7600103126866,0.384896879,2
1.469861942825087,103.75752174347367,0.5471282116666667,3
1.469891645407808,103.7620751944534,0.33589774666666666,2
1.469895639906486,103.7690793380154,0.30638680983333333,1
1.469899804395696,103.768188250998,0.2553076875,1
1.469921658141235,103.7582555815523,0.05532352733333334,0
1.4699227208838,103.7651688192997,0.23716339883333334,1
1.4699424608233396,103.76132706598902,0.20312333166666666,1
1.469956899192278,103.7622176165054,0.3133241133333333,1
1.470002791848752,103.7582115566518,0.08976224083333333,0
1.470017108820225,103.7680504199292,0.22986827233333332,1
1.470022388157227,103.7575472951475,0.22788533938333333,1
1.470034905047084,103.7643045456594,0.43391138,2
1.470072073725489,103.7565243883671,0.165868493,0
1.470078987564819,103.7675765438245,0.19819841500000002,1
1.470083350111323,103.7581677969759,0.06991673333333333,0
1.470136241191113,103.7611242150764,0.24204981849999999,1
1.470154170054714,103.7602230142861,0.667286265,3
1.4701800244778966,103.76921148035936,0.33969246833333333,2
1.4701927932012004,103.7572493063614,0.27387206999999997,1
1.470213380624873,103.7651418548682,0.5594550816666667,3
1.470217777429985,103.7592341226761,0.3666613066666667,2
1.470227806750184,103.7564260850582,0.28914322,1
1.470240320160579,103.7610822225568,0.18620217733333333,1
1.470285535587034,103.7592978620283,0.34527953,2
1.470293495888956,103.76860448577,0.12989424183333334,0
1.470305906582723,103.7603266246637,0.6657170866666666,3
1.470321989774672,103.758028738545,0.15243382766666666,0
1.470333381725069,103.7663220179513,0.15907439433333334,0
1.470352081910239,103.7593603637525,0.34709260000000003,2
1.470361048359307,103.7647393340153,0.119770033,0
1.470387205671154,103.7659427449932,0.17719510666666669,1
1.470399060403134,103.7579806471694,0.1697212505,0
1.470400133625007,103.763816979667,0.27879376,1
1.470402964302078,103.7655814199799,0.16019186433333335,0
1.470409530970355,103.7654269708518,0.25244771283333334,1
1.470411993610359,103.7587886552883,0.14312357016666669,0
1.470413240486929,103.7650764329915,0.24849702666666665,1
1.4704213736892,103.7677434611872,0.29648554499999996,1
1.47042716966852,103.7636589962882,0.29726481416666667,1
1.470487013158946,103.7670025017441,0.4002085926666667,2
1.470487392961912,103.7579101013961,0.25910988516666666,1
1.470500974403045,103.7627945555503,0.34722229499999996,2
1.470507355192042,103.7595179000524,0.5049968916666666,3
1.470570722140785,103.7595840264555,0.72271564,3
1.470574083134988,103.7678514094437,0.20854686666666666,1
1.470633946767541,103.7596499760825,0.49541198666666664,2
1.470670617159052,103.7613386865499,0.20493743166666667,1
1.470685234257246,103.7628031309731,0.12867647133333335,0
1.470698897197243,103.75743127021862,0.13343907783333334,0
1.470700236604112,103.7624365984407,0.13243724733333334,0
1.4707030577271756,103.76750072004512,0.15634096933333333,0
1.470704881227447,103.7643917153959,0.16234669516666667,0
1.470734397572117,103.7617157363643,0.287869135,1
1.470747202715754,103.7569141546237,0.06599348183333334,0
1.470764596869602,103.767298319211,0.20554035983333332,1
1.470796503956088,103.7680088672935,0.28489017499999997,1
1.470839774731485,103.7606910297155,0.4054766716666667,2
1.47086140916909,103.7672023950656,0.10088103216666666,0
1.470867058542358,103.761521243948,0.5113897683333334,3
1.470987709846581,103.7670720797926,0.11234530549999999,0
1.4709886776280026,103.75899562848952,0.3091905385,1
1.470993354417059,103.7582981036084,0.32910868833333334,2
1.471005390797898,103.764430968318,0.14898877206666666,0
1.471050279647729,103.760005980862,0.34490664833333334,2
1.471108026705196,103.766935045551,0.14658910433333333,0
1.471108685018014,103.766476644926,0.26692362633333333,1
1.471157510117816,103.7617916768888,0.21598535166666666,1
1.471157728300106,103.7676311209027,0.19800990833333332,1
1.471157911603658,103.7633713202602,0.07517049081666667,0
1.471182398159157,103.7588820981166,0.20417841833333336,1
1.471184855595407,103.7679634246385,0.19800991999999998,1
1.471194308559094,103.7581285458848,0.13817257600000002,0
1.471235042371354,103.7618414493396,0.23029816266666667,1
1.4712498902942,103.7633827247376,0.10406682888333334,0
1.471291451922689,103.7659810258749,0.06654234066666666,0
1.471384938394184,103.7610284721508,0.48975448,2
1.471390036022348,103.7619409058909,0.276748689,1
1.471448925561395,103.7667352410361,0.26162162566666664,1
1.471457151852748,103.7645031088535,0.3696495366666666,2
1.4714896081662,103.7586788578382,0.5555437816666666,3
1.471528068901578,103.7667682176015,0.15092725999999998,0
1.471538520390267,103.761124391887,0.38145309499999996,2
1.471540628497537,103.765649671168,0.04445518616666667,0
1.471691200188107,103.7603254754014,0.4307282833333333,2
1.4717136745853396,103.76117030993304,0.48825392166666665,2
1.471720882775768,103.7585257427035,0.4368979966666667,2
1.471741752905127,103.7657492189477,0.08080256033333333,0
1.471794025640258,103.7634613184105,0.2711388691666667,1
1.471796335566314,103.762432354944,0.2168576885,1
1.471824937071677,103.7655847794935,0.09275101116666667,0
1.471882423817711,103.7621827845309,0.34116279,2
1.471955828249788,103.7603906297492,0.33347614166666667,2
1.4719619682515668,103.76568251121212,0.09275101116666667,0
1.471975539646991,103.7624928247844,0.11302356933333334,0
1.471976140502177,103.7634923492209,0.37490549333333334,2
1.472034968466954,103.7651697033795,0.2062729995,1
1.472061573915674,103.7622291092909,0.27019901583333333,1
1.472118953354567,103.7650035848851,0.22930047416666666,1
1.472132696129138,103.7647350904459,0.12590686466666667,0
1.472146974204193,103.7622487354345,0.237222771,1
1.472161156623121,103.7635413266399,0.24506921083333333,1
1.472185618126503,103.7605422441272,0.43512051333333335,2
1.472261055123678,103.760594668264,0.3548875716666666,2
1.472286003244906,103.7588069548721,0.19485387166666668,1
1.472314843191322,103.7641111103812,0.08183988166666667,0
1.472422799803914,103.7589257696215,0.07243242949999999,0
1.4724813169454,103.7624548101155,0.07748964883333334,0
1.472487769944723,103.7623186646451,0.13439693333333333,0
1.4724931848060523,103.76224767865558,0.13439691333333334,0
1.472533700093861,103.7643465391866,0.10153260233333333,0
1.472614579060312,103.7632490537146,0.44260206166666666,2
1.472662343862685,103.762351463314,0.09587231366666667,0
1.472680850612937,103.7640053753103,0.12143186266666667,0
1.472754438426505,103.763838550999,0.08251287933333333,0
